{"cameraMode":{"drawMode":0,"name":"Shaded","section":"Shading Mode"},"sceneLighting":true,"audioPlay":false,"sceneViewState":{"m_AlwaysRefresh":false,"showFog":true,"showSkybox":true,"showFlares":true,"showImageEffects":true,"showParticleSystems":true,"showVisualEffectGraphs":true,"m_FxEnabled":true},"in2DMode":false,"pivot":{"x":0.8876956701278687,"y":0.7946774959564209,"z":8.243701934814454},"rotation":{"x":-0.06921155750751496,"y":0.035005807876586917,"z":-0.0024301253724843265,"w":-0.9969852566719055},"size":8.941353797912598,"orthographic":false}